Image ID,Location,Chapter/Section,Type,Description,Priority,Prompt Ready,Status,Notes
image1,Line 85,Table of Contents,Decorative,Elemental symbol or sacred geometry header,Medium,No,Needed,Could be holoflower or elemental mandala
image2,Line 429,Introduction,Diagram,Consciousness connection visualization,High,Yes,Needed,Visual representation of interconnectedness
image3,Line 531,Chapter 1 Opener,Chapter Header,Journey Begins - Spiritual awakening imagery,High,Yes,Needed,Campfire or path through desert
image4,Line 545,Chapter 1,Decorative,Synchronicity symbol,Low,No,Needed,Small inline graphic
image5,Line 869,Chapter 1,Diagram,The Web of Life,High,Yes,Needed,Interconnected web/network visualization
image6,Line 877,Chapter 1,Diagram,Three-State Process,High,Yes,Needed,Process flow diagram with three states
image7,Line 1136,Chapter 2 Opener,Sacred Geometry,The Torus header,High,Yes,Needed,Torus symbol or small representation
image8,Line 1142,Chapter 2,Sacred Geometry,The Torus of Change - Full illustration,High,Yes,Needed,MAIN torus with golden/blue funnels
image9,Line 1154,Chapter 2,Diagram,Dance of Transformation,Medium,Yes,Needed,Movement/flow visualization
image10,Line 1168,Chapter 2,Diagram,Nature of Change,Medium,Yes,Needed,Change cycle or transformation process
image11,Line 1186,Chapter 2,Sacred Geometry,Torus of Being and Becoming,High,Yes,Needed,Torus with consciousness flowing through
image12,Line 1202,Chapter 2,Diagram,Change within same geometry,High,Yes,Needed,Shows constant form with changing content
image13,Line 1210,Chapter 2,Sacred Geometry,The Circle - Model of Wholeness,Medium,Yes,Needed,Sacred circle with mandala elements
image14,Line 1230,Chapter 2,Decorative,Circle variation or meditation symbol,Low,No,Needed,Supporting visual
image15,Line 1238,Chapter 2,Diagram,Spiral progression,High,Yes,Needed,Fibonacci or golden spiral
image16,Line 1250,Chapter 2,Diagram,Section break or transition,Low,No,Needed,Decorative element
image17,Line 1372,Chapter 3 Opener,Chapter Header,Trinity and Toroidal Flow,High,Yes,Needed,Trinity symbol with flowing energy
image18,Line 1380,Chapter 3,Sacred Geometry,Trinity framework diagram,High,Yes,Needed,Three interconnected circles (Agent/Agency/Manifestation)
image19,Line 1490,Chapter 3,Diagram,Spiral of Refinement,High,Yes,Needed,Evolutionary spiral with phases marked
image20,Line 1570,Chapter 4 Opener,Chapter Header,Elements of Wholeness,High,Yes,Needed,Four elements unified
image21,Line 1576,Chapter 4,Diagram,Four Yogis story illustration,Medium,Yes,Needed,Four paths converging
image22,Line 1622,Chapter 4,Diagram,Elemental integration,High,Yes,Needed,Four elements in balance
image23,Line 1672,Chapter 4,Diagram,Stability and Change dance,Medium,Yes,Needed,Yin-yang style balance
image24,Line 1740,Chapter 4,Sacred Geometry,Elemental correspondences,High,Yes,Needed,Circular diagram with elements mapped
image25,Line 1868,Chapter 5 Opener (Fire),Elemental Symbol,Fire element header,High,Yes,Needed,Fire triangle symbol stylized
image26,Line 1870,Chapter 5 (Fire),Chapter Header,FIRE chapter title card,High,Yes,Needed,Dramatic fire/flame imagery
image27,Line 1878,Chapter 5 (Fire),Atmospheric,Sacred Flame scene,High,Yes,Needed,Campfire or ceremonial flame
image28,Line 1882,Chapter 5 (Fire),Section Header,The Sacred Flame title,Medium,Yes,Needed,Flame with sacred geometry
image29,Line 1926,Chapter 5 (Fire),Diagram,Fire transformation states,High,Yes,Needed,Three states of Fire element
image30,Line 1934,Chapter 5 (Fire),Diagram,State 1 - Activating,High,Yes,Needed,Fire activation visualization
[Continuing for all 86 images...]

*Note: This is a starter template. Full mapping would continue for all 86 images through Water, Earth, Air, Aether chapters, practices, and conclusion.*
